--role
INSERT INTO role (`id`,`role_name`) VALUES (1,'HR');
INSERT INTO role (`id`,`role_name`) VALUES (2,'CANDIDATE');
INSERT INTO role (`id`,`role_name`) VALUES (3,'EXPERT');
INSERT INTO role (`id`,`role_name`) VALUES (4,'ADMIN');

--expert

INSERT INTO users (`name`,`account_balance`,`address`,`avatar`,`country`,`email`,`linkin`,`password`,`personal_website`,`phone`,`status`,`vip`,`role_id`,`about`,`company`,`job_title`,`publish`,`experience`,`history_id`,`number_review`,`price`,`punish`,`punish_date`)
VALUES ('Pham Viet Thuan Thien',1,NULL,'https://lh3.googleusercontent.com/a/ACg8ocIiLohYkD4rDr2uBzWkSPV6PSaXUjbM2MvCUXR5x53kan0C=s96-c','Saigon','thien.pham@aiesec.net','/thien-pham-august/',NULL,NULL,'0788431898','ACTIVE',NULL,3,NULL,'MoMo','Manager',NULL,2,NULL,NULL,150,1,NULL);

INSERT INTO users (`name`,`account_balance`,`address`,`avatar`,`country`,`email`,`linkin`,`password`,`personal_website`,`phone`,`status`,`vip`,`role_id`,`about`,`company`,`job_title`,`publish`,`experience`,`history_id`,`number_review`,`price`,`punish`,`punish_date`)
VALUES ('Truong Van Thanh',1,NULL,'https://lh3.googleusercontent.com/a/ACg8ocIiLohYkD4rDr2uBzWkSPV6PSaXUjbM2MvCUXR5x53kan0C=s96-c','Saigon','vanthanh@gmail.com','/thien-pham-august/',NULL,NULL,'0788431898','ACTIVE',NULL,3,NULL,'MoMo','Manager',NULL,2,NULL,NULL,150,1,NULL);

INSERT INTO users (`name`,`account_balance`,`address`,`avatar`,`country`,`email`,`linkin`,`password`,`personal_website`,`phone`,`status`,`vip`,`role_id`,`about`,`company`,`job_title`,`publish`,`experience`,`history_id`,`number_review`,`price`,`punish`,`punish_date`)
VALUES ('Le Chi Bao',1,NULL,'https://lh3.googleusercontent.com/a/ACg8ocIiLohYkD4rDr2uBzWkSPV6PSaXUjbM2MvCUXR5x53kan0C=s96-c','Saigon','chibao@gmail.com','/thien-pham-august/',NULL,NULL,'0788431898','ACTIVE',NULL,3,NULL,'MoMo','Manager',NULL,2,NULL,NULL,150,1,NULL);

INSERT INTO users (`name`,`account_balance`,`address`,`avatar`,`country`,`email`,`linkin`,`password`,`personal_website`,`phone`,`status`,`vip`,`role_id`,`about`,`company`,`job_title`,`publish`,`experience`,`history_id`,`number_review`,`price`,`punish`,`punish_date`)
VALUES ('Pham Viet Huu Thang',1,NULL,'https://lh3.googleusercontent.com/a/ACg8ocIiLohYkD4rDr2uBzWkSPV6PSaXUjbM2MvCUXR5x53kan0C=s96-c','Saigon','huuthang@gmail.com','/thien-pham-august/',NULL,NULL,'0788431898','ACTIVE',NULL,3,NULL,'MoMo','Manager',NULL,2,NULL,NULL,150,1,NULL);

INSERT INTO users (`name`,`account_balance`,`address`,`avatar`,`country`,`email`,`linkin`,`password`,`personal_website`,`phone`,`status`,`vip`,`role_id`,`about`,`company`,`job_title`,`publish`,`experience`,`history_id`,`number_review`,`price`,`punish`,`punish_date`)
VALUES ('Nguyen Van Thanh',1,NULL,'https://lh3.googleusercontent.com/a/ACg8ocIiLohYkD4rDr2uBzWkSPV6PSaXUjbM2MvCUXR5x53kan0C=s96-c','Saigon','vanthanh@gmail.com','/thien-pham-august/',NULL,NULL,'0788431898','ACTIVE',NULL,3,NULL,'MoMo','Manager',NULL,2,NULL,NULL,150,1,NULL);

INSERT INTO users (`name`,`account_balance`,`address`,`avatar`,`country`,`email`,`linkin`,`password`,`personal_website`,`phone`,`status`,`vip`,`role_id`,`about`,`company`,`job_title`,`publish`,`experience`,`history_id`,`number_review`,`price`,`punish`,`punish_date`)
VALUES ('Lam Van Tien',1,NULL,'https://lh3.googleusercontent.com/a/ACg8ocIiLohYkD4rDr2uBzWkSPV6PSaXUjbM2MvCUXR5x53kan0C=s96-c','Saigon','vantien@gmail.com','/thien-pham-august/',NULL,NULL,'0788431898','ACTIVE',NULL,3,NULL,'MoMo','Manager',NULL,2,NULL,NULL,150,1,NULL);

INSERT INTO users (`name`,`account_balance`,`address`,`avatar`,`country`,`email`,`linkin`,`password`,`personal_website`,`phone`,`status`,`vip`,`role_id`,`about`,`company`,`job_title`,`publish`,`experience`,`history_id`,`number_review`,`price`,`punish`,`punish_date`)
VALUES ('Ho Chi Tai',1,NULL,'https://lh3.googleusercontent.com/a/ACg8ocIiLohYkD4rDr2uBzWkSPV6PSaXUjbM2MvCUXR5x53kan0C=s96-c','Saigon','chitai@gmail.com','/thien-pham-august/',NULL,NULL,'0788431898','ACTIVE',NULL,3,NULL,'MoMo','Manager',NULL,2,NULL,NULL,150,1,NULL);

--candidate

INSERT INTO users (`name`,`account_balance`,`address`,`avatar`,`country`,`email`,`linkin`,`password`,`personal_website`,`phone`,`status`,`vip`,`role_id`,`about`,`company`,`job_title`,`publish`,`experience`,`history_id`,`number_review`,`price`,`punish`,`punish_date`)
VALUES ('Pham Thuan Thien',1,NULL,'https://lh3.googleusercontent.com/a/ACg8ocIiLohYkD4rDr2uBzWkSPV6PSaXUjbM2MvCUXR5x53kan0C=s96-c','Ha Noi','phamvietthuanthien@gmail.com','/thien-pham-august/',NULL,NULL,NULL,'ACTIVE',NULL,2,NULL,NULL,NULL,1,NULL,NULL,NULL,NULL,NULL,NULL);

INSERT INTO users (`name`,`account_balance`,`address`,`avatar`,`country`,`email`,`linkin`,`password`,`personal_website`,`phone`,`status`,`vip`,`role_id`,`about`,`company`,`job_title`,`publish`,`experience`,`history_id`,`number_review`,`price`,`punish`,`punish_date`)
VALUES ('Linh Manh Khoi',1,NULL,'https://lh3.googleusercontent.com/a/ACg8ocIiLohYkD4rDr2uBzWkSPV6PSaXUjbM2MvCUXR5x53kan0C=s96-c','Ha Noi','manhkhoi@gmail.com','/thien-pham-august/',NULL,NULL,NULL,'ACTIVE',NULL,2,NULL,NULL,NULL,1,NULL,NULL,NULL,NULL,NULL,NULL);

INSERT INTO users (`name`,`account_balance`,`address`,`avatar`,`country`,`email`,`linkin`,`password`,`personal_website`,`phone`,`status`,`vip`,`role_id`,`about`,`company`,`job_title`,`publish`,`experience`,`history_id`,`number_review`,`price`,`punish`,`punish_date`)
VALUES ('Le Quoc Viet',1,NULL,'https://lh3.googleusercontent.com/a/ACg8ocIiLohYkD4rDr2uBzWkSPV6PSaXUjbM2MvCUXR5x53kan0C=s96-c','Ha Noi','quocviet@gmail.com','/thien-pham-august/',NULL,NULL,NULL,'ACTIVE',NULL,2,NULL,NULL,NULL,1,NULL,NULL,NULL,NULL,NULL,NULL);

INSERT INTO users (`name`,`account_balance`,`address`,`avatar`,`country`,`email`,`linkin`,`password`,`personal_website`,`phone`,`status`,`vip`,`role_id`,`about`,`company`,`job_title`,`publish`,`experience`,`history_id`,`number_review`,`price`,`punish`,`punish_date`)
VALUES ('Pham Huu Thang',1,NULL,'https://lh3.googleusercontent.com/a/ACg8ocIiLohYkD4rDr2uBzWkSPV6PSaXUjbM2MvCUXR5x53kan0C=s96-c','Ha Noi','huutam@gmail.com','/thien-pham-august/',NULL,NULL,NULL,'ACTIVE',NULL,2,NULL,NULL,NULL,1,NULL,NULL,NULL,NULL,NULL,NULL);

INSERT INTO users (`name`,`account_balance`,`address`,`avatar`,`country`,`email`,`linkin`,`password`,`personal_website`,`phone`,`status`,`vip`,`role_id`,`about`,`company`,`job_title`,`publish`,`experience`,`history_id`,`number_review`,`price`,`punish`,`punish_date`)
VALUES ('Nguyen Tien Thanh',1,NULL,'https://lh3.googleusercontent.com/a/ACg8ocIiLohYkD4rDr2uBzWkSPV6PSaXUjbM2MvCUXR5x53kan0C=s96-c','Ha Noi','tienthanh@gmail.com','/thien-pham-august/',NULL,NULL,NULL,'ACTIVE',NULL,2,NULL,NULL,NULL,1,NULL,NULL,NULL,NULL,NULL,NULL);

INSERT INTO users (`name`,`account_balance`,`address`,`avatar`,`country`,`email`,`linkin`,`password`,`personal_website`,`phone`,`status`,`vip`,`role_id`,`about`,`company`,`job_title`,`publish`,`experience`,`history_id`,`number_review`,`price`,`punish`,`punish_date`)
VALUES ('Nguyen Khuc Thuy An',1,NULL,'https://lh3.googleusercontent.com/a/ACg8ocIiLohYkD4rDr2uBzWkSPV6PSaXUjbM2MvCUXR5x53kan0C=s96-c','Ha Noi','thuyan@gmail.com','/thien-pham-august/',NULL,NULL,NULL,'ACTIVE',NULL,2,NULL,NULL,NULL,1,NULL,NULL,NULL,NULL,NULL,NULL);

--hr
INSERT INTO users (`name`,`account_balance`,`address`,`avatar`,`country`,`email`,`linkin`,`password`,`personal_website`,`phone`,`status`,`vip`,`role_id`,`about`,`company`,`job_title`,`publish`,`experience`,`history_id`,`number_review`,`price`,`punish`,`punish_date`)
VALUES ('Le Van Thanh',1,NULL,'https://lh3.googleusercontent.com/a/ACg8ocIiLohYkD4rDr2uBzWkSPV6PSaXUjbM2MvCUXR5x53kan0C=s96-c','Ha Noi','thienpvtse160542@fpt.edu.vn','/thien-pham-august/',NULL,NULL,NULL,'ACTIVE',NULL,1,NULL,NULL,NULL,NULL,NULL,NULL,NULL,NULL,NULL,NULL);

--evalue
INSERT INTO evaluate (id, title, description, score, max_score, condition1, condition2)
VALUES (1,'Short Bullet Points', 'Each bullet point should be a full line length. ', 5.0, 10.0,5,5);
INSERT INTO evaluate (id, title, description, score, max_score, condition1, condition2)
VALUES (2,'Punctuated Bullet Points', 'Capitalize the first letter and end with a period for each bullet point.', 5.0, 10.0,5,5);
INSERT INTO evaluate (id, title, description, score, max_score, condition1, condition2)
VALUES (3,'Number of Bullet Points', 'Include 3-6 bullet points for each experience. ', 5.0, 10.0,5,5);
INSERT INTO evaluate (id, title, description, score, max_score, condition1, condition2)
VALUES (4,'Personal Pronoun', 'Avoid using personal pronoun when you describe your experience.', 5.0, 10.0,5,5);
INSERT INTO evaluate (id, title, description, score, max_score, condition1, condition2)
VALUES (5,'Filler Words', 'Avoid using filler words when you describe your experience.', 5.0, 10.0,5,5);
INSERT INTO evaluate (id, title, description, score, max_score, condition1, condition2)
VALUES (6,'Quantified Bullet Points', 'Add metrics to each bullet point when possible. ', 5.0, 10.0,5,5);
INSERT INTO evaluate (id, title, description, score, max_score, condition1, condition2)
VALUES (7,'Spelling and grammar', 'Be careful in using appropriate words.', 5.0, 10.0,5,5);
INSERT INTO evaluate (id, title, description, score, max_score, condition1, condition2)
VALUES (8,'Your location number is missing', 'Add a valid location to be contacted easily.', 5.0, 10.0,5,5);
INSERT INTO evaluate (id, title, description, score, max_score, condition1, condition2)
VALUES (9,'Your date number is missing', 'Add valid dates for achievements to be validated.', 5.0, 10.0,5,5);
INSERT INTO evaluate (id, title, description, score, max_score, condition1, condition2)
VALUES (10,'Your Phone number is missing', 'Add a valid phone number to be contacted easily.', 5.0, 10.0,5,5);
INSERT INTO evaluate (id, title, description, score, max_score, condition1, condition2)
VALUES (11,'Your Linkedin url is', 'Your Linkedin URL should be abbreviated like in/charles-bloomberg.', 5.0, 10.0,5,5);
INSERT INTO evaluate (id, title, description, score, max_score, condition1, condition2)
VALUES (12,'Your resume has', 'Your resume should contain between 400-800 words.', 5.0, 10.0,5,5);
INSERT INTO evaluate (id, title, description, score, max_score, condition1, condition2)
VALUES (13,'Your Summary is missing', 'Please do not leave summary blank.', 5.0, 10.0,5,5);
INSERT INTO evaluate (id, title, description, score, max_score, condition1, condition2)
VALUES (14,'Your resume is not tailored for a specific job description', 'Add specific keywords from a targeted job description to optimize your resume. ', 5.0, 10.0,5,5);